Survived,Pclass,Sex,Embarked,HasCabin,FamilySize,IsAlone,CatAge,CatFare,Title
0,3,male,S,0,2,0,"(16.336, 32.252]","(-0.512, 128.082]",Mr
1,1,female,C,1,2,0,"(32.252, 48.168]","(-0.512, 128.082]",Mrs
1,3,female,S,0,1,1,"(16.336, 32.252]","(-0.512, 128.082]",Miss
1,1,female,S,1,2,0,"(32.252, 48.168]","(-0.512, 128.082]",Mrs
0,3,male,S,0,1,1,"(32.252, 48.168]","(-0.512, 128.082]",Mr
0,3,male,Q,0,1,1,"(16.336, 32.252]","(-0.512, 128.082]",Mr
0,1,male,S,1,1,1,"(48.168, 64.084]","(-0.512, 128.082]",Mr
0,3,male,S,0,5,0,"(0.34, 16.336]","(-0.512, 128.082]",Master
1,3,female,S,0,3,0,"(16.336, 32.252]","(-0.512, 128.082]",Mrs
1,2,female,C,0,2,0,"(0.34, 16.336]","(-0.512, 128.082]",Mrs
1,3,female,S,1,3,0,"(0.34, 16.336]","(-0.512, 128.082]",Miss
1,1,female,S,1,1,1,"(48.168, 64.084]","(-0.512, 128.082]",Miss
0,3,male,S,0,1,1,"(16.336, 32.252]","(-0.512, 128.082]",Mr
0,3,male,S,0,7,0,"(32.252, 48.168]","(-0.512, 128.082]",Mr
0,3,female,S,0,1,1,"(0.34, 16.336]","(-0.512, 128.082]",Miss
1,2,female,S,0,1,1,"(48.168, 64.084]","(-0.512, 128.082]",Mrs
0,3,male,Q,0,6,0,"(0.34, 16.336]","(-0.512, 128.082]",Master
1,2,male,S,0,1,1,"(16.336, 32.252]","(-0.512, 128.082]",Mr
0,3,female,S,0,2,0,"(16.336, 32.252]","(-0.512, 128.082]",Mrs
1,3,female,C,0,1,1,"(16.336, 32.252]","(-0.512, 128.082]",Mrs
0,2,male,S,0,1,1,"(32.252, 48.168]","(-0.512, 128.082]",Mr
1,2,male,S,1,1,1,"(32.252, 48.168]","(-0.512, 128.082]",Mr
1,3,female,Q,0,1,1,"(0.34, 16.336]","(-0.512, 128.082]",Miss
1,1,male,S,1,1,1,"(16.336, 32.252]","(-0.512, 128.082]",Mr
0,3,female,S,0,5,0,"(0.34, 16.336]","(-0.512, 128.082]",Miss
1,3,female,S,0,7,0,"(32.252, 48.168]","(-0.512, 128.082]",Mrs
0,3,male,C,0,1,1,"(16.336, 32.252]","(-0.512, 128.082]",Mr
0,1,male,S,1,6,0,"(16.336, 32.252]","(256.165, 384.247]",Mr
1,3,female,Q,0,1,1,"(16.336, 32.252]","(-0.512, 128.082]",Miss
0,3,male,S,0,1,1,"(16.336, 32.252]","(-0.512, 128.082]",Mr
0,1,male,C,0,1,1,"(32.252, 48.168]","(-0.512, 128.082]",Rare
1,1,female,C,1,2,0,"(16.336, 32.252]","(128.082, 256.165]",Mrs
1,3,female,Q,0,1,1,"(16.336, 32.252]","(-0.512, 128.082]",Miss
0,2,male,S,0,1,1,"(64.084, 80.0]","(-0.512, 128.082]",Mr
0,1,male,C,0,2,0,"(16.336, 32.252]","(-0.512, 128.082]",Mr
0,1,male,S,0,2,0,"(32.252, 48.168]","(-0.512, 128.082]",Mr
1,3,male,C,0,1,1,"(16.336, 32.252]","(-0.512, 128.082]",Mr
0,3,male,S,0,1,1,"(16.336, 32.252]","(-0.512, 128.082]",Mr
0,3,female,S,0,3,0,"(16.336, 32.252]","(-0.512, 128.082]",Miss
1,3,female,C,0,2,0,"(0.34, 16.336]","(-0.512, 128.082]",Miss
0,3,female,S,0,2,0,"(32.252, 48.168]","(-0.512, 128.082]",Mrs
0,2,female,S,0,2,0,"(16.336, 32.252]","(-0.512, 128.082]",Mrs
0,3,male,C,0,1,1,"(16.336, 32.252]","(-0.512, 128.082]",Mr
1,2,female,C,0,4,0,"(0.34, 16.336]","(-0.512, 128.082]",Miss
1,3,female,Q,0,1,1,"(16.336, 32.252]","(-0.512, 128.082]",Miss
0,3,male,S,0,1,1,"(16.336, 32.252]","(-0.512, 128.082]",Mr
0,3,male,Q,0,2,0,"(16.336, 32.252]","(-0.512, 128.082]",Mr
1,3,female,Q,0,1,1,"(16.336, 32.252]","(-0.512, 128.082]",Miss
0,3,male,C,0,3,0,"(16.336, 32.252]","(-0.512, 128.082]",Mr
0,3,female,S,0,2,0,"(16.336, 32.252]","(-0.512, 128.082]",Mrs
0,3,male,S,0,6,0,"(0.34, 16.336]","(-0.512, 128.082]",Master
0,3,male,S,0,1,1,"(16.336, 32.252]","(-0.512, 128.082]",Mr
1,1,female,C,1,2,0,"(48.168, 64.084]","(-0.512, 128.082]",Mrs
1,2,female,S,0,2,0,"(16.336, 32.252]","(-0.512, 128.082]",Mrs
0,1,male,C,1,2,0,"(64.084, 80.0]","(-0.512, 128.082]",Mr
1,1,male,S,1,1,1,"(16.336, 32.252]","(-0.512, 128.082]",Mr
1,2,female,S,0,1,1,"(16.336, 32.252]","(-0.512, 128.082]",Miss
0,3,male,C,0,1,1,"(16.336, 32.252]","(-0.512, 128.082]",Mr
1,2,female,S,0,4,0,"(0.34, 16.336]","(-0.512, 128.082]",Miss
0,3,male,S,0,8,0,"(0.34, 16.336]","(-0.512, 128.082]",Master
0,3,male,C,0,1,1,"(16.336, 32.252]","(-0.512, 128.082]",Mr
1,1,female,S,1,1,1,"(32.252, 48.168]","(-0.512, 128.082]",Miss
0,1,male,S,1,2,0,"(32.252, 48.168]","(-0.512, 128.082]",Mr
0,3,male,S,0,6,0,"(0.34, 16.336]","(-0.512, 128.082]",Master
0,1,male,C,0,1,1,"(16.336, 32.252]","(-0.512, 128.082]",Mr
1,3,male,C,0,3,0,"(16.336, 32.252]","(-0.512, 128.082]",Master
1,2,female,S,1,1,1,"(16.336, 32.252]","(-0.512, 128.082]",Mrs
0,3,male,S,0,1,1,"(16.336, 32.252]","(-0.512, 128.082]",Mr
1,3,female,S,0,7,0,"(16.336, 32.252]","(-0.512, 128.082]",Miss
0,3,male,S,0,3,0,"(16.336, 32.252]","(-0.512, 128.082]",Mr
0,2,male,S,0,1,1,"(16.336, 32.252]","(-0.512, 128.082]",Mr
0,3,female,S,0,8,0,"(0.34, 16.336]","(-0.512, 128.082]",Miss
0,2,male,S,0,1,1,"(16.336, 32.252]","(-0.512, 128.082]",Mr
0,3,male,C,0,2,0,"(16.336, 32.252]","(-0.512, 128.082]",Mr
1,3,male,S,0,1,1,"(16.336, 32.252]","(-0.512, 128.082]",Mr
0,3,male,S,1,1,1,"(16.336, 32.252]","(-0.512, 128.082]",Mr
0,3,male,S,0,1,1,"(16.336, 32.252]","(-0.512, 128.082]",Mr
0,3,male,S,0,1,1,"(16.336, 32.252]","(-0.512, 128.082]",Mr
1,2,male,S,0,3,0,"(0.34, 16.336]","(-0.512, 128.082]",Master
1,3,female,S,0,1,1,"(16.336, 32.252]","(-0.512, 128.082]",Miss
0,3,male,S,0,1,1,"(16.336, 32.252]","(-0.512, 128.082]",Mr
1,3,male,S,0,1,1,"(16.336, 32.252]","(-0.512, 128.082]",Mr
1,3,female,Q,0,1,1,"(16.336, 32.252]","(-0.512, 128.082]",Miss
0,1,male,S,0,1,1,"(16.336, 32.252]","(-0.512, 128.082]",Mr
1,2,female,S,0,1,1,"(16.336, 32.252]","(-0.512, 128.082]",Miss
1,3,female,S,0,4,0,"(32.252, 48.168]","(-0.512, 128.082]",Mrs
0,3,male,S,0,5,0,"(0.34, 16.336]","(-0.512, 128.082]",Mr
0,3,male,S,0,1,1,"(16.336, 32.252]","(-0.512, 128.082]",Mr
1,1,female,S,1,6,0,"(16.336, 32.252]","(256.165, 384.247]",Miss
0,3,male,S,0,1,1,"(16.336, 32.252]","(-0.512, 128.082]",Mr
0,3,male,S,0,1,1,"(16.336, 32.252]","(-0.512, 128.082]",Mr
0,3,male,S,0,1,1,"(16.336, 32.252]","(-0.512, 128.082]",Mr
0,1,male,S,1,2,0,"(32.252, 48.168]","(-0.512, 128.082]",Mr
0,3,male,S,0,4,0,"(16.336, 32.252]","(-0.512, 128.082]",Mr
0,3,male,S,0,1,1,"(48.168, 64.084]","(-0.512, 128.082]",Mr
0,3,male,S,0,1,1,"(16.336, 32.252]","(-0.512, 128.082]",Mr
0,1,male,C,1,1,1,"(64.084, 80.0]","(-0.512, 128.082]",Mr
1,1,male,C,1,2,0,"(16.336, 32.252]","(-0.512, 128.082]",Mr
1,2,female,S,0,2,0,"(32.252, 48.168]","(-0.512, 128.082]",Mrs
0,2,male,S,0,2,0,"(32.252, 48.168]","(-0.512, 128.082]",Mr
0,3,female,S,0,1,1,"(16.336, 32.252]","(-0.512, 128.082]",Miss
0,3,male,S,0,1,1,"(16.336, 32.252]","(-0.512, 128.082]",Mr
0,1,male,S,1,2,0,"(16.336, 32.252]","(-0.512, 128.082]",Mr
0,3,male,S,0,1,1,"(32.252, 48.168]","(-0.512, 128.082]",Mr
0,3,male,S,0,3,0,"(32.252, 48.168]","(-0.512, 128.082]",Mr
0,3,male,S,0,1,1,"(16.336, 32.252]","(-0.512, 128.082]",Mr
1,3,female,S,0,1,1,"(16.336, 32.252]","(-0.512, 128.082]",Miss
1,3,male,S,0,1,1,"(16.336, 32.252]","(-0.512, 128.082]",Mr
0,3,male,S,0,1,1,"(32.252, 48.168]","(-0.512, 128.082]",Mr
1,3,female,Q,0,2,0,"(16.336, 32.252]","(-0.512, 128.082]",Miss
0,1,male,S,1,1,1,"(32.252, 48.168]","(-0.512, 128.082]",Mr
0,3,female,C,0,2,0,"(0.34, 16.336]","(-0.512, 128.082]",Miss
0,3,male,S,0,1,1,"(16.336, 32.252]","(-0.512, 128.082]",Mr
0,3,female,S,0,2,0,"(16.336, 32.252]","(-0.512, 128.082]",Miss
0,3,female,C,0,1,1,"(16.336, 32.252]","(-0.512, 128.082]",Miss
0,3,male,S,0,1,1,"(16.336, 32.252]","(-0.512, 128.082]",Mr
0,3,male,Q,0,1,1,"(64.084, 80.0]","(-0.512, 128.082]",Mr
0,2,male,S,0,2,0,"(16.336, 32.252]","(-0.512, 128.082]",Mr
0,1,male,C,1,2,0,"(16.336, 32.252]","(128.082, 256.165]",Mr
0,3,female,S,0,7,0,"(0.34, 16.336]","(-0.512, 128.082]",Miss
0,2,male,S,0,3,0,"(16.336, 32.252]","(-0.512, 128.082]",Mr
0,3,male,S,0,1,1,"(16.336, 32.252]","(-0.512, 128.082]",Mr
0,2,male,C,0,2,0,"(32.252, 48.168]","(-0.512, 128.082]",Mr
1,2,female,S,1,1,1,"(32.252, 48.168]","(-0.512, 128.082]",Miss
0,1,male,S,1,2,0,"(48.168, 64.084]","(-0.512, 128.082]",Mr
1,3,male,C,0,2,0,"(0.34, 16.336]","(-0.512, 128.082]",Master
0,3,male,Q,0,1,1,"(16.336, 32.252]","(-0.512, 128.082]",Mr
1,3,male,S,0,1,1,"(16.336, 32.252]","(-0.512, 128.082]",Mr
1,3,female,C,1,3,0,"(16.336, 32.252]","(-0.512, 128.082]",Miss
0,3,male,S,0,1,1,"(32.252, 48.168]","(-0.512, 128.082]",Mr
0,3,male,C,0,1,1,"(32.252, 48.168]","(-0.512, 128.082]",Mr
0,3,male,S,0,1,1,"(16.336, 32.252]","(-0.512, 128.082]",Mr
0,3,female,S,0,2,0,"(32.252, 48.168]","(-0.512, 128.082]",Mrs
1,2,female,S,0,2,0,"(16.336, 32.252]","(-0.512, 128.082]",Mrs
0,2,male,S,0,1,1,"(16.336, 32.252]","(-0.512, 128.082]",Mr
0,2,male,C,0,1,1,"(16.336, 32.252]","(-0.512, 128.082]",Mr
1,1,female,S,1,3,0,"(16.336, 32.252]","(-0.512, 128.082]",Miss
0,1,male,S,1,2,0,"(32.252, 48.168]","(-0.512, 128.082]",Mr
0,3,male,S,0,1,1,"(0.34, 16.336]","(-0.512, 128.082]",Mr
0,1,male,C,1,1,1,"(16.336, 32.252]","(-0.512, 128.082]",Mr
0,3,female,C,0,3,0,"(16.336, 32.252]","(-0.512, 128.082]",Mrs
1,3,female,S,0,1,1,"(16.336, 32.252]","(-0.512, 128.082]",Miss
1,3,female,S,0,2,0,"(16.336, 32.252]","(-0.512, 128.082]",Mrs
0,3,male,Q,0,1,1,"(16.336, 32.252]","(-0.512, 128.082]",Mr
0,2,male,S,0,1,1,"(16.336, 32.252]","(-0.512, 128.082]",Mr
0,2,male,S,0,3,0,"(16.336, 32.252]","(-0.512, 128.082]",Mr
1,3,male,S,0,1,1,"(16.336, 32.252]","(-0.512, 128.082]",Mr
0,3,female,S,0,5,0,"(0.34, 16.336]","(-0.512, 128.082]",Miss
0,2,male,S,1,3,0,"(32.252, 48.168]","(-0.512, 128.082]",Mr
0,2,male,S,0,1,1,"(32.252, 48.168]","(-0.512, 128.082]",Rare
0,2,male,S,0,1,1,"(48.168, 64.084]","(-0.512, 128.082]",Rare
1,1,female,S,1,2,0,"(16.336, 32.252]","(-0.512, 128.082]",Mrs
0,3,male,S,0,1,1,"(48.168, 64.084]","(-0.512, 128.082]",Mr
0,3,male,S,0,3,0,"(32.252, 48.168]","(-0.512, 128.082]",Mr
0,3,male,S,0,1,1,"(16.336, 32.252]","(-0.512, 128.082]",Mr
0,1,male,C,0,2,0,"(48.168, 64.084]","(-0.512, 128.082]",Mr
1,3,female,Q,0,1,1,"(0.34, 16.336]","(-0.512, 128.082]",Miss
0,3,male,S,0,1,1,"(16.336, 32.252]","(-0.512, 128.082]",Mr
0,3,male,S,0,1,1,"(16.336, 32.252]","(-0.512, 128.082]",Mr
0,3,male,S,0,11,0,"(16.336, 32.252]","(-0.512, 128.082]",Master
0,3,male,S,0,2,0,"(32.252, 48.168]","(-0.512, 128.082]",Mr
1,2,female,S,0,1,1,"(32.252, 48.168]","(-0.512, 128.082]",Mrs
0,3,male,S,0,1,1,"(16.336, 32.252]","(-0.512, 128.082]",Mr
0,3,male,S,0,1,1,"(16.336, 32.252]","(-0.512, 128.082]",Mr
0,3,male,S,0,6,0,"(0.34, 16.336]","(-0.512, 128.082]",Master
1,3,male,S,0,3,0,"(0.34, 16.336]","(-0.512, 128.082]",Master
1,1,female,S,1,2,0,"(16.336, 32.252]","(-0.512, 128.082]",Mrs
0,3,female,S,0,6,0,"(32.252, 48.168]","(-0.512, 128.082]",Mrs
0,1,male,S,0,1,1,"(16.336, 32.252]","(-0.512, 128.082]",Mr
0,3,male,S,0,1,1,"(16.336, 32.252]","(-0.512, 128.082]",Mr
0,1,male,S,1,1,1,"(48.168, 64.084]","(-0.512, 128.082]",Mr
0,3,male,Q,0,6,0,"(0.34, 16.336]","(-0.512, 128.082]",Master
1,3,female,S,0,3,0,"(0.34, 16.336]","(-0.512, 128.082]",Miss
0,3,male,S,0,1,1,"(16.336, 32.252]","(-0.512, 128.082]",Mr
0,1,male,C,1,1,1,"(48.168, 64.084]","(-0.512, 128.082]",Mr
0,3,male,S,0,3,0,"(16.336, 32.252]","(-0.512, 128.082]",Mr
0,3,male,S,0,5,0,"(16.336, 32.252]","(-0.512, 128.082]",Master
0,1,female,C,1,1,1,"(48.168, 64.084]","(-0.512, 128.082]",Miss
0,2,male,S,0,1,1,"(16.336, 32.252]","(-0.512, 128.082]",Mr
0,3,male,S,0,1,1,"(32.252, 48.168]","(-0.512, 128.082]",Mr
0,3,female,S,0,11,0,"(16.336, 32.252]","(-0.512, 128.082]",Miss
0,2,male,C,0,1,1,"(16.336, 32.252]","(-0.512, 128.082]",Mr
0,3,male,S,0,7,0,"(0.34, 16.336]","(-0.512, 128.082]",Master
1,2,male,S,1,4,0,"(0.34, 16.336]","(-0.512, 128.082]",Master
1,3,female,S,0,3,0,"(0.34, 16.336]","(-0.512, 128.082]",Miss
0,1,male,S,1,1,1,"(16.336, 32.252]","(-0.512, 128.082]",Mr
1,3,female,Q,0,2,0,"(16.336, 32.252]","(-0.512, 128.082]",Mrs
1,1,male,S,0,1,1,"(32.252, 48.168]","(-0.512, 128.082]",Mr
0,3,male,Q,0,3,0,"(32.252, 48.168]","(-0.512, 128.082]",Mr
0,3,male,S,0,1,1,"(32.252, 48.168]","(-0.512, 128.082]",Mr
1,2,female,S,0,1,1,"(16.336, 32.252]","(-0.512, 128.082]",Mrs
0,2,male,S,0,1,1,"(16.336, 32.252]","(-0.512, 128.082]",Mr
1,3,female,S,0,2,0,"(16.336, 32.252]","(-0.512, 128.082]",Miss
1,2,male,S,1,3,0,"(0.34, 16.336]","(-0.512, 128.082]",Master
1,1,female,C,1,1,1,"(32.252, 48.168]","(-0.512, 128.082]",Mrs
1,1,female,C,1,1,1,"(48.168, 64.084]","(128.082, 256.165]",Miss
0,3,male,Q,0,1,1,"(16.336, 32.252]","(-0.512, 128.082]",Mr
0,3,male,S,0,2,0,"(32.252, 48.168]","(-0.512, 128.082]",Mr
1,3,female,Q,0,1,1,"(16.336, 32.252]","(-0.512, 128.082]",Miss
0,2,female,S,0,1,1,"(16.336, 32.252]","(-0.512, 128.082]",Miss
0,3,male,S,0,1,1,"(16.336, 32.252]","(-0.512, 128.082]",Mr
0,3,male,S,0,11,0,"(16.336, 32.252]","(-0.512, 128.082]",Mr
0,3,male,S,0,1,1,"(32.252, 48.168]","(-0.512, 128.082]",Mr
0,3,male,C,0,1,1,"(32.252, 48.168]","(-0.512, 128.082]",Mr
1,3,male,S,0,1,1,"(16.336, 32.252]","(-0.512, 128.082]",Mr
0,3,female,S,1,2,0,"(0.34, 16.336]","(-0.512, 128.082]",Miss
0,3,male,S,0,2,0,"(16.336, 32.252]","(-0.512, 128.082]",Mr
1,3,male,C,0,1,1,"(16.336, 32.252]","(-0.512, 128.082]",Mr
1,3,female,Q,0,1,1,"(0.34, 16.336]","(-0.512, 128.082]",Miss
1,1,male,C,1,1,1,"(32.252, 48.168]","(-0.512, 128.082]",Mr
0,3,male,S,0,1,1,"(16.336, 32.252]","(-0.512, 128.082]",Mr
1,2,female,S,0,1,1,"(32.252, 48.168]","(-0.512, 128.082]",Miss
0,3,male,S,0,1,1,"(16.336, 32.252]","(-0.512, 128.082]",Mr
0,2,male,S,0,1,1,"(16.336, 32.252]","(-0.512, 128.082]",Mr
0,3,male,Q,0,2,0,"(16.336, 32.252]","(-0.512, 128.082]",Mr
1,1,female,C,1,2,0,"(16.336, 32.252]","(-0.512, 128.082]",Miss
1,3,female,S,0,1,1,"(16.336, 32.252]","(-0.512, 128.082]",Miss
0,2,male,S,0,2,0,"(32.252, 48.168]","(-0.512, 128.082]",Mr
1,1,female,C,1,1,1,"(16.336, 32.252]","(-0.512, 128.082]",Miss
0,2,male,S,0,1,1,"(16.336, 32.252]","(-0.512, 128.082]",Mr
1,3,male,S,0,1,1,"(0.34, 16.336]","(-0.512, 128.082]",Mr
0,2,male,S,0,1,1,"(16.336, 32.252]","(-0.512, 128.082]",Mr
0,3,male,S,0,1,1,"(48.168, 64.084]","(-0.512, 128.082]",Mr
0,3,male,S,0,1,1,"(16.336, 32.252]","(-0.512, 128.082]",Mr
1,1,male,S,1,2,0,"(32.252, 48.168]","(-0.512, 128.082]",Mr
0,3,male,S,0,1,1,"(16.336, 32.252]","(-0.512, 128.082]",Mr
1,2,male,S,0,1,1,"(16.336, 32.252]","(-0.512, 128.082]",Mr
0,3,male,S,0,1,1,"(16.336, 32.252]","(-0.512, 128.082]",Mr
0,2,male,S,0,1,1,"(16.336, 32.252]","(-0.512, 128.082]",Mr
0,3,female,S,0,5,0,"(16.336, 32.252]","(-0.512, 128.082]",Miss
1,1,female,S,1,2,0,"(32.252, 48.168]","(-0.512, 128.082]",Mrs
0,3,male,S,0,1,1,"(16.336, 32.252]","(-0.512, 128.082]",Mr
0,2,male,S,0,1,1,"(48.168, 64.084]","(-0.512, 128.082]",Mr
1,3,female,S,0,7,0,"(0.34, 16.336]","(-0.512, 128.082]",Miss
0,2,male,S,0,1,1,"(16.336, 32.252]","(-0.512, 128.082]",Mr
0,3,female,S,0,1,1,"(16.336, 32.252]","(-0.512, 128.082]",Miss
0,2,male,S,0,2,0,"(32.252, 48.168]","(-0.512, 128.082]",Mr
1,2,female,S,0,3,0,"(0.34, 16.336]","(-0.512, 128.082]",Miss
0,2,male,S,0,1,1,"(16.336, 32.252]","(-0.512, 128.082]",Mr
0,2,male,S,0,1,1,"(32.252, 48.168]","(-0.512, 128.082]",Mr
0,3,female,C,0,2,0,"(16.336, 32.252]","(-0.512, 128.082]",Miss
1,3,female,Q,0,2,0,"(16.336, 32.252]","(-0.512, 128.082]",Miss
0,2,male,S,0,1,1,"(16.336, 32.252]","(-0.512, 128.082]",Mr
0,3,male,S,0,1,1,"(16.336, 32.252]","(-0.512, 128.082]",Mr
0,3,male,C,0,1,1,"(16.336, 32.252]","(-0.512, 128.082]",Mr
0,1,male,Q,1,3,0,"(32.252, 48.168]","(-0.512, 128.082]",Rare
0,3,female,S,0,1,1,"(16.336, 32.252]","(-0.512, 128.082]",Miss
1,2,female,S,0,3,0,"(16.336, 32.252]","(-0.512, 128.082]",Mrs
1,1,male,S,1,3,0,"(32.252, 48.168]","(-0.512, 128.082]",Mr
0,2,male,S,0,2,0,"(48.168, 64.084]","(-0.512, 128.082]",Rare
0,3,male,S,0,1,1,"(16.336, 32.252]","(-0.512, 128.082]",Mr
0,3,female,S,1,3,0,"(16.336, 32.252]","(-0.512, 128.082]",Mrs
0,1,male,S,1,1,1,"(48.168, 64.084]","(-0.512, 128.082]",Mr
0,3,male,S,0,2,0,"(16.336, 32.252]","(-0.512, 128.082]",Mr
0,3,female,S,0,3,0,"(32.252, 48.168]","(-0.512, 128.082]",Mrs
1,3,female,C,0,3,0,"(16.336, 32.252]","(-0.512, 128.082]",Mrs
1,1,female,C,0,1,1,"(16.336, 32.252]","(-0.512, 128.082]",Mrs
1,1,female,S,1,1,1,"(16.336, 32.252]","(-0.512, 128.082]",Miss
1,1,female,C,0,1,1,"(32.252, 48.168]","(384.247, 512.329]",Miss
1,2,female,S,0,2,0,"(48.168, 64.084]","(-0.512, 128.082]",Mrs
0,3,male,Q,0,1,1,"(16.336, 32.252]","(-0.512, 128.082]",Mr
1,3,male,S,0,7,0,"(0.34, 16.336]","(-0.512, 128.082]",Master
0,1,male,S,1,3,0,"(48.168, 64.084]","(-0.512, 128.082]",Mr
0,1,male,S,1,1,1,"(32.252, 48.168]","(-0.512, 128.082]",Mr
0,3,female,Q,0,1,1,"(16.336, 32.252]","(-0.512, 128.082]",Miss
0,2,male,S,0,1,1,"(32.252, 48.168]","(-0.512, 128.082]",Mr
0,3,male,S,0,6,0,"(0.34, 16.336]","(-0.512, 128.082]",Mr
1,3,male,S,0,2,0,"(16.336, 32.252]","(-0.512, 128.082]",Mr
1,1,female,S,1,2,0,"(48.168, 64.084]","(128.082, 256.165]",Mrs
1,1,female,S,1,1,1,"(32.252, 48.168]","(128.082, 256.165]",Miss
0,1,male,S,0,1,1,"(16.336, 32.252]","(-0.512, 128.082]",Mr
1,3,male,S,0,1,1,"(16.336, 32.252]","(-0.512, 128.082]",Mr
1,2,female,S,0,2,0,"(32.252, 48.168]","(-0.512, 128.082]",Mrs
0,1,male,C,1,2,0,"(32.252, 48.168]","(-0.512, 128.082]",Mr
1,3,female,Q,0,1,1,"(16.336, 32.252]","(-0.512, 128.082]",Miss
1,1,female,S,1,2,0,"(48.168, 64.084]","(-0.512, 128.082]",Miss
0,3,female,S,0,1,1,"(32.252, 48.168]","(-0.512, 128.082]",Miss
0,2,male,S,0,1,1,"(16.336, 32.252]","(-0.512, 128.082]",Mr
0,3,male,Q,0,6,0,"(0.34, 16.336]","(-0.512, 128.082]",Master
1,3,female,S,0,3,0,"(32.252, 48.168]","(-0.512, 128.082]",Mrs
0,3,male,Q,0,1,1,"(64.084, 80.0]","(-0.512, 128.082]",Mr
0,3,male,S,0,1,1,"(16.336, 32.252]","(-0.512, 128.082]",Mr
0,3,male,S,0,1,1,"(0.34, 16.336]","(-0.512, 128.082]",Mr
1,3,male,S,0,1,1,"(16.336, 32.252]","(-0.512, 128.082]",Mr
0,1,male,S,1,1,1,"(16.336, 32.252]","(-0.512, 128.082]",Mr
0,3,male,C,0,1,1,"(32.252, 48.168]","(-0.512, 128.082]",Mr
1,3,male,S,0,1,1,"(16.336, 32.252]","(-0.512, 128.082]",Mr
0,3,male,S,0,1,1,"(16.336, 32.252]","(-0.512, 128.082]",Mr
1,2,male,S,0,1,1,"(32.252, 48.168]","(-0.512, 128.082]",Mr
1,3,female,Q,0,1,1,"(16.336, 32.252]","(-0.512, 128.082]",Miss
1,1,female,S,0,1,1,"(16.336, 32.252]","(-0.512, 128.082]",Miss
1,1,female,C,1,2,0,"(16.336, 32.252]","(-0.512, 128.082]",Mrs
0,2,male,C,1,1,1,"(32.252, 48.168]","(-0.512, 128.082]",Mr
0,3,female,S,0,1,1,"(16.336, 32.252]","(-0.512, 128.082]",Miss
0,3,male,S,0,1,1,"(16.336, 32.252]","(-0.512, 128.082]",Mr
0,1,male,C,0,1,1,"(16.336, 32.252]","(-0.512, 128.082]",Mr
0,3,male,C,0,1,1,"(16.336, 32.252]","(-0.512, 128.082]",Mr
0,1,female,S,1,4,0,"(0.34, 16.336]","(128.082, 256.165]",Miss
1,1,male,S,1,1,1,"(16.336, 32.252]","(-0.512, 128.082]",Mr
1,1,female,C,1,2,0,"(48.168, 64.084]","(128.082, 256.165]",Mrs
1,3,female,Q,0,1,1,"(16.336, 32.252]","(-0.512, 128.082]",Miss
1,3,male,Q,0,3,0,"(16.336, 32.252]","(-0.512, 128.082]",Mr
0,3,male,S,0,1,1,"(16.336, 32.252]","(-0.512, 128.082]",Mr
1,2,female,Q,1,1,1,"(16.336, 32.252]","(-0.512, 128.082]",Miss
0,3,male,S,0,1,1,"(16.336, 32.252]","(-0.512, 128.082]",Mr
1,1,male,S,1,4,0,"(0.34, 16.336]","(128.082, 256.165]",Master
1,1,female,C,0,1,1,"(16.336, 32.252]","(-0.512, 128.082]",Miss
1,1,female,C,1,2,0,"(16.336, 32.252]","(-0.512, 128.082]",Mrs
0,2,male,C,0,2,0,"(16.336, 32.252]","(-0.512, 128.082]",Mr
1,1,female,C,1,1,1,"(16.336, 32.252]","(-0.512, 128.082]",Miss
1,1,female,C,1,1,1,"(16.336, 32.252]","(-0.512, 128.082]",Miss
1,1,female,C,1,5,0,"(16.336, 32.252]","(256.165, 384.247]",Miss
0,2,female,S,0,3,0,"(16.336, 32.252]","(-0.512, 128.082]",Mrs
0,3,male,S,0,1,1,"(16.336, 32.252]","(-0.512, 128.082]",Mr
0,2,male,S,0,3,0,"(32.252, 48.168]","(-0.512, 128.082]",Mr
1,3,female,S,0,1,1,"(16.336, 32.252]","(-0.512, 128.082]",Miss
1,2,female,S,0,2,0,"(16.336, 32.252]","(-0.512, 128.082]",Mrs
0,2,male,S,0,1,1,"(48.168, 64.084]","(-0.512, 128.082]",Rare
1,1,female,S,1,3,0,"(16.336, 32.252]","(128.082, 256.165]",Miss
1,1,female,C,1,3,0,"(32.252, 48.168]","(128.082, 256.165]",Mrs
0,3,male,S,0,1,1,"(16.336, 32.252]","(-0.512, 128.082]",Mr
0,3,male,S,0,1,1,"(16.336, 32.252]","(-0.512, 128.082]",Mr
1,2,female,Q,0,1,1,"(16.336, 32.252]","(-0.512, 128.082]",Miss
1,2,female,S,0,3,0,"(16.336, 32.252]","(-0.512, 128.082]",Mrs
0,3,male,S,0,11,0,"(16.336, 32.252]","(-0.512, 128.082]",Mr
1,1,female,C,1,1,1,"(32.252, 48.168]","(128.082, 256.165]",Miss
0,3,male,S,0,1,1,"(48.168, 64.084]","(-0.512, 128.082]",Mr
1,2,female,S,1,1,1,"(32.252, 48.168]","(-0.512, 128.082]",Mrs
1,3,female,S,0,3,0,"(16.336, 32.252]","(-0.512, 128.082]",Mrs
1,1,female,C,1,2,0,"(0.34, 16.336]","(-0.512, 128.082]",Miss
1,3,female,Q,0,3,0,"(16.336, 32.252]","(-0.512, 128.082]",Miss
0,1,male,S,1,1,1,"(32.252, 48.168]","(-0.512, 128.082]",Mr
0,1,male,S,1,2,0,"(32.252, 48.168]","(128.082, 256.165]",Mr
0,3,male,S,0,3,0,"(0.34, 16.336]","(-0.512, 128.082]",Mr
1,1,female,S,0,2,0,"(16.336, 32.252]","(128.082, 256.165]",Mrs
0,3,male,S,0,1,1,"(16.336, 32.252]","(-0.512, 128.082]",Mr
0,1,male,S,1,2,0,"(16.336, 32.252]","(-0.512, 128.082]",Mr
1,1,female,C,1,1,1,"(32.252, 48.168]","(128.082, 256.165]",Miss
1,3,male,S,0,1,1,"(32.252, 48.168]","(-0.512, 128.082]",Mr
0,1,male,S,1,1,1,"(32.252, 48.168]","(-0.512, 128.082]",Mr
1,2,male,S,1,3,0,"(0.34, 16.336]","(-0.512, 128.082]",Master
1,1,female,S,1,6,0,"(16.336, 32.252]","(256.165, 384.247]",Miss
0,2,male,S,0,1,1,"(16.336, 32.252]","(-0.512, 128.082]",Mr
0,2,male,S,0,1,1,"(16.336, 32.252]","(-0.512, 128.082]",Mr
0,2,male,S,0,1,1,"(32.252, 48.168]","(-0.512, 128.082]",Mr
1,2,female,S,1,1,1,"(16.336, 32.252]","(-0.512, 128.082]",Miss
1,2,female,S,0,1,1,"(32.252, 48.168]","(-0.512, 128.082]",Miss
1,3,female,S,0,2,0,"(16.336, 32.252]","(-0.512, 128.082]",Mrs
1,3,male,S,0,3,0,"(0.34, 16.336]","(-0.512, 128.082]",Master
0,3,male,S,0,1,1,"(32.252, 48.168]","(-0.512, 128.082]",Mr
0,3,male,S,0,1,1,"(16.336, 32.252]","(-0.512, 128.082]",Mr
0,1,male,S,1,1,1,"(16.336, 32.252]","(-0.512, 128.082]",Mr
0,3,male,C,0,3,0,"(0.34, 16.336]","(-0.512, 128.082]",Mr
0,3,male,S,0,2,0,"(16.336, 32.252]","(-0.512, 128.082]",Mr
0,3,male,C,0,1,1,"(16.336, 32.252]","(-0.512, 128.082]",Mr
0,3,male,S,0,1,1,"(16.336, 32.252]","(-0.512, 128.082]",Mr
1,1,female,S,1,2,0,"(16.336, 32.252]","(-0.512, 128.082]",Miss
0,2,female,S,0,1,1,"(32.252, 48.168]","(-0.512, 128.082]",Miss
1,3,female,Q,0,1,1,"(16.336, 32.252]","(-0.512, 128.082]",Miss
1,3,female,Q,0,1,1,"(16.336, 32.252]","(-0.512, 128.082]",Miss
0,3,male,S,0,6,0,"(32.252, 48.168]","(-0.512, 128.082]",Mr
0,2,male,C,0,2,0,"(16.336, 32.252]","(-0.512, 128.082]",Mr
0,3,female,C,0,2,0,"(32.252, 48.168]","(-0.512, 128.082]",Mrs
0,3,male,S,0,1,1,"(32.252, 48.168]","(-0.512, 128.082]",Mr
0,3,male,Q,0,2,0,"(16.336, 32.252]","(-0.512, 128.082]",Mr
0,3,male,S,0,1,1,"(16.336, 32.252]","(-0.512, 128.082]",Mr
1,1,female,C,1,2,0,"(48.168, 64.084]","(-0.512, 128.082]",Mrs
1,3,female,C,0,1,1,"(16.336, 32.252]","(-0.512, 128.082]",Mrs
1,3,female,Q,0,1,1,"(16.336, 32.252]","(-0.512, 128.082]",Miss
1,1,female,C,1,1,1,"(16.336, 32.252]","(-0.512, 128.082]",Mrs
1,1,male,C,1,2,0,"(16.336, 32.252]","(-0.512, 128.082]",Mr
0,3,male,S,0,2,0,"(16.336, 32.252]","(-0.512, 128.082]",Mr
0,3,male,S,0,1,1,"(16.336, 32.252]","(-0.512, 128.082]",Mr
0,1,male,C,0,1,1,"(16.336, 32.252]","(128.082, 256.165]",Mr
0,3,female,S,0,5,0,"(0.34, 16.336]","(-0.512, 128.082]",Miss
1,1,female,C,0,2,0,"(16.336, 32.252]","(-0.512, 128.082]",Mrs
1,3,female,S,0,1,1,"(16.336, 32.252]","(-0.512, 128.082]",Miss
0,1,male,C,1,3,0,"(16.336, 32.252]","(128.082, 256.165]",Mr
0,3,male,C,0,1,1,"(16.336, 32.252]","(-0.512, 128.082]",Mr
0,3,male,S,0,1,1,"(16.336, 32.252]","(-0.512, 128.082]",Mr
1,1,female,C,0,1,1,"(32.252, 48.168]","(128.082, 256.165]",Miss
1,3,female,C,0,3,0,"(0.34, 16.336]","(-0.512, 128.082]",Miss
0,3,male,S,0,1,1,"(16.336, 32.252]","(-0.512, 128.082]",Mr
1,1,female,S,0,2,0,"(32.252, 48.168]","(-0.512, 128.082]",Mrs
0,3,male,S,0,1,1,"(16.336, 32.252]","(-0.512, 128.082]",Mr
0,2,male,S,0,1,1,"(16.336, 32.252]","(-0.512, 128.082]",Mr
0,3,male,S,0,8,0,"(0.34, 16.336]","(-0.512, 128.082]",Master
1,2,female,S,0,1,1,"(32.252, 48.168]","(-0.512, 128.082]",Miss
0,3,male,Q,0,1,1,"(16.336, 32.252]","(-0.512, 128.082]",Mr
1,2,female,C,0,1,1,"(16.336, 32.252]","(-0.512, 128.082]",Miss
1,1,male,S,1,4,0,"(32.252, 48.168]","(-0.512, 128.082]",Mr
1,3,male,S,0,1,1,"(16.336, 32.252]","(-0.512, 128.082]",Mr
0,3,male,S,0,3,0,"(16.336, 32.252]","(-0.512, 128.082]",Mr
1,1,female,C,1,2,0,"(16.336, 32.252]","(-0.512, 128.082]",Miss
1,3,female,S,1,3,0,"(16.336, 32.252]","(-0.512, 128.082]",Mrs
0,3,male,S,0,1,1,"(16.336, 32.252]","(-0.512, 128.082]",Mr
0,3,female,S,0,1,1,"(16.336, 32.252]","(-0.512, 128.082]",Miss
0,2,male,S,0,1,1,"(32.252, 48.168]","(-0.512, 128.082]",Mr
0,2,male,S,0,1,1,"(16.336, 32.252]","(-0.512, 128.082]",Rare
1,2,female,S,0,1,1,"(16.336, 32.252]","(-0.512, 128.082]",Mrs
1,3,male,S,0,1,1,"(32.252, 48.168]","(-0.512, 128.082]",Mr
0,3,male,S,0,1,1,"(16.336, 32.252]","(-0.512, 128.082]",Mr
0,3,female,S,0,2,0,"(16.336, 32.252]","(-0.512, 128.082]",Miss
0,3,male,S,0,2,0,"(16.336, 32.252]","(-0.512, 128.082]",Mr
0,3,female,S,0,1,1,"(16.336, 32.252]","(-0.512, 128.082]",Miss
0,2,male,S,0,2,0,"(32.252, 48.168]","(-0.512, 128.082]",Mr
0,3,male,S,0,1,1,"(48.168, 64.084]","(-0.512, 128.082]",Mr
1,2,male,S,0,3,0,"(0.34, 16.336]","(-0.512, 128.082]",Master
0,3,male,S,0,1,1,"(16.336, 32.252]","(-0.512, 128.082]",Mr
0,3,female,S,0,5,0,"(16.336, 32.252]","(-0.512, 128.082]",Miss
0,3,male,S,0,1,1,"(16.336, 32.252]","(-0.512, 128.082]",Mr
0,3,male,Q,0,1,1,"(16.336, 32.252]","(-0.512, 128.082]",Mr
1,1,female,Q,1,2,0,"(32.252, 48.168]","(-0.512, 128.082]",Miss
0,2,male,S,0,1,1,"(16.336, 32.252]","(-0.512, 128.082]",Mr
1,3,male,S,0,1,1,"(32.252, 48.168]","(-0.512, 128.082]",Mr
0,3,female,S,0,1,1,"(16.336, 32.252]","(-0.512, 128.082]",Mrs
1,2,female,S,0,3,0,"(32.252, 48.168]","(-0.512, 128.082]",Mrs
1,2,female,S,0,3,0,"(16.336, 32.252]","(-0.512, 128.082]",Miss
0,2,male,S,0,1,1,"(16.336, 32.252]","(-0.512, 128.082]",Mr
0,3,female,S,0,3,0,"(0.34, 16.336]","(-0.512, 128.082]",Miss
0,3,male,C,0,1,1,"(16.336, 32.252]","(-0.512, 128.082]",Mr
0,3,male,Q,0,1,1,"(16.336, 32.252]","(-0.512, 128.082]",Mr
0,3,male,S,0,1,1,"(16.336, 32.252]","(-0.512, 128.082]",Mr
0,3,female,S,0,3,0,"(16.336, 32.252]","(-0.512, 128.082]",Mrs
0,3,male,S,0,3,0,"(16.336, 32.252]","(-0.512, 128.082]",Mr
0,3,male,S,0,1,1,"(16.336, 32.252]","(-0.512, 128.082]",Mr
1,2,female,S,0,2,0,"(16.336, 32.252]","(-0.512, 128.082]",Mrs
1,2,female,S,0,1,1,"(16.336, 32.252]","(-0.512, 128.082]",Miss
0,3,male,Q,0,1,1,"(16.336, 32.252]","(-0.512, 128.082]",Mr
1,3,male,S,1,1,1,"(16.336, 32.252]","(-0.512, 128.082]",Mr
1,1,male,S,1,1,1,"(16.336, 32.252]","(-0.512, 128.082]",Mr
1,3,female,S,0,2,0,"(16.336, 32.252]","(-0.512, 128.082]",Mrs
1,2,female,S,0,2,0,"(32.252, 48.168]","(-0.512, 128.082]",Mrs
0,3,male,S,0,1,1,"(16.336, 32.252]","(-0.512, 128.082]",Mr
0,1,male,S,1,2,0,"(48.168, 64.084]","(-0.512, 128.082]",Mr
1,1,female,S,1,4,0,"(0.34, 16.336]","(-0.512, 128.082]",Miss
0,3,female,S,0,5,0,"(16.336, 32.252]","(-0.512, 128.082]",Miss
1,2,female,S,0,6,0,"(16.336, 32.252]","(-0.512, 128.082]",Mrs
0,1,male,S,1,6,0,"(48.168, 64.084]","(256.165, 384.247]",Mr
0,2,male,S,0,1,1,"(16.336, 32.252]","(-0.512, 128.082]",Mr
1,2,female,S,0,3,0,"(32.252, 48.168]","(-0.512, 128.082]",Mrs
0,3,male,S,0,1,1,"(16.336, 32.252]","(-0.512, 128.082]",Mr
0,3,male,S,0,2,0,"(16.336, 32.252]","(-0.512, 128.082]",Mr
1,2,female,S,0,1,1,"(16.336, 32.252]","(-0.512, 128.082]",Miss
1,3,male,S,0,1,1,"(16.336, 32.252]","(-0.512, 128.082]",Mr
1,1,male,S,1,3,0,"(0.34, 16.336]","(-0.512, 128.082]",Master
1,2,female,S,0,2,0,"(0.34, 16.336]","(-0.512, 128.082]",Miss
1,1,male,S,0,1,1,"(32.252, 48.168]","(-0.512, 128.082]",Mr
1,3,female,C,0,4,0,"(0.34, 16.336]","(-0.512, 128.082]",Miss
1,1,male,S,1,1,1,"(48.168, 64.084]","(-0.512, 128.082]",Rare
0,2,male,S,0,4,0,"(32.252, 48.168]","(-0.512, 128.082]",Mr
0,3,male,S,0,2,0,"(16.336, 32.252]","(-0.512, 128.082]",Mr
0,1,male,C,1,1,1,"(16.336, 32.252]","(-0.512, 128.082]",Mr
1,1,male,C,1,2,0,"(48.168, 64.084]","(-0.512, 128.082]",Mr
0,3,male,S,0,1,1,"(16.336, 32.252]","(-0.512, 128.082]",Mr
1,3,male,C,0,1,1,"(16.336, 32.252]","(-0.512, 128.082]",Mr
0,1,male,S,1,1,1,"(64.084, 80.0]","(-0.512, 128.082]",Mr
1,1,female,S,1,2,0,"(16.336, 32.252]","(-0.512, 128.082]",Mrs
1,2,female,S,0,1,1,"(48.168, 64.084]","(-0.512, 128.082]",Miss
0,3,male,Q,0,1,1,"(16.336, 32.252]","(-0.512, 128.082]",Mr
1,1,male,S,1,1,1,"(32.252, 48.168]","(-0.512, 128.082]",Mr
0,3,male,S,0,1,1,"(32.252, 48.168]","(-0.512, 128.082]",Mr
0,1,male,S,1,1,1,"(32.252, 48.168]","(-0.512, 128.082]",Mr
0,2,male,S,0,1,1,"(32.252, 48.168]","(-0.512, 128.082]",Mr
0,3,male,S,0,1,1,"(16.336, 32.252]","(-0.512, 128.082]",Mr
0,3,male,S,0,1,1,"(32.252, 48.168]","(-0.512, 128.082]",Mr
0,2,male,S,0,1,1,"(16.336, 32.252]","(-0.512, 128.082]",Mr
0,1,male,S,0,1,1,"(48.168, 64.084]","(-0.512, 128.082]",Mr
0,3,male,Q,0,1,1,"(16.336, 32.252]","(-0.512, 128.082]",Mr
1,3,female,C,0,4,0,"(0.34, 16.336]","(-0.512, 128.082]",Miss
0,3,male,S,0,1,1,"(16.336, 32.252]","(-0.512, 128.082]",Mr
0,3,male,S,0,1,1,"(32.252, 48.168]","(-0.512, 128.082]",Mr
1,2,female,S,0,4,0,"(32.252, 48.168]","(-0.512, 128.082]",Mrs
1,2,female,C,1,1,1,"(16.336, 32.252]","(-0.512, 128.082]",Mrs
0,3,female,S,0,1,1,"(16.336, 32.252]","(-0.512, 128.082]",Miss
0,1,male,S,1,1,1,"(16.336, 32.252]","(-0.512, 128.082]",Mr
0,2,male,S,0,2,0,"(32.252, 48.168]","(-0.512, 128.082]",Mr
0,3,male,S,0,2,0,"(16.336, 32.252]","(-0.512, 128.082]",Mr
0,3,male,S,0,1,1,"(16.336, 32.252]","(-0.512, 128.082]",Mr
1,3,female,S,0,2,0,"(0.34, 16.336]","(-0.512, 128.082]",Miss
0,3,male,S,0,8,0,"(0.34, 16.336]","(-0.512, 128.082]",Master
0,2,male,S,0,1,1,"(16.336, 32.252]","(-0.512, 128.082]",Mr
0,3,male,S,0,1,1,"(48.168, 64.084]","(-0.512, 128.082]",Mr
1,3,female,S,0,1,1,"(48.168, 64.084]","(-0.512, 128.082]",Mrs
1,1,male,C,1,2,0,"(16.336, 32.252]","(-0.512, 128.082]",Mr
0,3,female,S,0,5,0,"(16.336, 32.252]","(-0.512, 128.082]",Miss
1,1,female,S,1,2,0,"(32.252, 48.168]","(-0.512, 128.082]",Mrs
0,1,male,C,1,1,1,"(48.168, 64.084]","(-0.512, 128.082]",Mr
0,3,male,S,0,1,1,"(16.336, 32.252]","(-0.512, 128.082]",Mr
1,3,male,S,0,3,0,"(0.34, 16.336]","(-0.512, 128.082]",Master
0,3,male,S,0,2,0,"(16.336, 32.252]","(-0.512, 128.082]",Mr
0,3,male,S,0,1,1,"(16.336, 32.252]","(-0.512, 128.082]",Mr
0,1,male,S,1,1,1,"(48.168, 64.084]","(-0.512, 128.082]",Mr
0,1,male,C,0,1,1,"(64.084, 80.0]","(-0.512, 128.082]",Mr
0,3,male,S,0,1,1,"(16.336, 32.252]","(-0.512, 128.082]",Mr
0,3,male,C,0,1,1,"(16.336, 32.252]","(-0.512, 128.082]",Mr
1,1,female,C,1,2,0,"(48.168, 64.084]","(-0.512, 128.082]",Miss
0,3,male,S,0,1,1,"(16.336, 32.252]","(-0.512, 128.082]",Mr
0,1,female,S,1,4,0,"(16.336, 32.252]","(128.082, 256.165]",Mrs
0,3,male,S,0,1,1,"(16.336, 32.252]","(-0.512, 128.082]",Mr
0,3,male,S,0,1,1,"(16.336, 32.252]","(-0.512, 128.082]",Mr
0,3,female,Q,0,1,1,"(16.336, 32.252]","(-0.512, 128.082]",Miss
0,3,female,Q,0,1,1,"(16.336, 32.252]","(-0.512, 128.082]",Miss
0,3,female,S,0,1,1,"(32.252, 48.168]","(-0.512, 128.082]",Miss
1,1,female,S,1,1,1,"(0.34, 16.336]","(-0.512, 128.082]",Miss
0,1,male,C,1,2,0,"(16.336, 32.252]","(-0.512, 128.082]",Mr
1,2,female,S,0,3,0,"(32.252, 48.168]","(-0.512, 128.082]",Mrs
1,1,male,S,0,1,1,"(16.336, 32.252]","(-0.512, 128.082]",Mr
0,3,male,S,0,1,1,"(16.336, 32.252]","(-0.512, 128.082]",Mr
1,3,male,S,0,1,1,"(16.336, 32.252]","(-0.512, 128.082]",Mr
1,3,male,Q,0,1,1,"(16.336, 32.252]","(-0.512, 128.082]",Mr
0,3,male,S,0,1,1,"(16.336, 32.252]","(-0.512, 128.082]",Mr
1,1,male,S,1,1,1,"(32.252, 48.168]","(-0.512, 128.082]",Mr
1,1,female,C,0,2,0,"(48.168, 64.084]","(-0.512, 128.082]",Mrs
0,3,male,S,0,1,1,"(16.336, 32.252]","(-0.512, 128.082]",Mr
0,1,male,S,1,1,1,"(32.252, 48.168]","(-0.512, 128.082]",Mr
1,2,female,S,1,1,1,"(32.252, 48.168]","(-0.512, 128.082]",Mrs
0,3,male,Q,0,1,1,"(16.336, 32.252]","(-0.512, 128.082]",Mr
1,2,female,S,0,2,0,"(32.252, 48.168]","(-0.512, 128.082]",Mrs
0,3,male,S,0,1,1,"(16.336, 32.252]","(-0.512, 128.082]",Mr
1,1,female,S,1,1,1,"(16.336, 32.252]","(-0.512, 128.082]",Miss
0,3,male,S,0,1,1,"(16.336, 32.252]","(-0.512, 128.082]",Mr
0,3,male,C,0,1,1,"(16.336, 32.252]","(-0.512, 128.082]",Mr
1,1,female,C,1,2,0,"(32.252, 48.168]","(-0.512, 128.082]",Mrs
0,3,male,C,0,1,1,"(16.336, 32.252]","(-0.512, 128.082]",Mr
0,3,male,Q,0,1,1,"(32.252, 48.168]","(-0.512, 128.082]",Mr
1,2,female,S,0,1,1,"(48.168, 64.084]","(-0.512, 128.082]",Miss
0,1,male,S,1,1,1,"(16.336, 32.252]","(128.082, 256.165]",Mr
0,3,male,S,0,1,1,"(32.252, 48.168]","(-0.512, 128.082]",Mr
0,2,male,S,0,4,0,"(16.336, 32.252]","(-0.512, 128.082]",Mr
1,2,female,S,0,3,0,"(0.34, 16.336]","(-0.512, 128.082]",Miss
0,3,male,C,0,1,1,"(16.336, 32.252]","(-0.512, 128.082]",Mr
0,3,male,C,0,3,0,"(16.336, 32.252]","(-0.512, 128.082]",Mr
1,3,female,C,0,3,0,"(16.336, 32.252]","(-0.512, 128.082]",Mrs
0,3,female,S,0,1,1,"(16.336, 32.252]","(-0.512, 128.082]",Miss
1,2,female,S,0,3,0,"(0.34, 16.336]","(-0.512, 128.082]",Miss
0,1,male,S,1,1,1,"(32.252, 48.168]","(-0.512, 128.082]",Rare
1,1,female,C,0,1,1,"(16.336, 32.252]","(-0.512, 128.082]",Miss
0,3,male,S,0,1,1,"(16.336, 32.252]","(-0.512, 128.082]",Mr
1,1,female,C,1,3,0,"(16.336, 32.252]","(-0.512, 128.082]",Miss
1,1,female,S,1,3,0,"(32.252, 48.168]","(-0.512, 128.082]",Miss
0,3,female,S,0,7,0,"(0.34, 16.336]","(-0.512, 128.082]",Miss
0,3,female,S,0,7,0,"(0.34, 16.336]","(-0.512, 128.082]",Miss
1,2,male,S,0,2,0,"(16.336, 32.252]","(-0.512, 128.082]",Mr
0,1,male,C,1,2,0,"(48.168, 64.084]","(-0.512, 128.082]",Mr
0,1,male,S,0,1,1,"(48.168, 64.084]","(-0.512, 128.082]",Mr
1,2,female,S,0,2,0,"(16.336, 32.252]","(-0.512, 128.082]",Mrs
1,2,male,C,0,1,1,"(16.336, 32.252]","(-0.512, 128.082]",Mr
0,3,male,S,0,3,0,"(32.252, 48.168]","(-0.512, 128.082]",Mr
1,2,male,S,0,3,0,"(0.34, 16.336]","(-0.512, 128.082]",Master
1,1,male,C,1,3,0,"(16.336, 32.252]","(-0.512, 128.082]",Mr
0,2,male,S,0,1,1,"(16.336, 32.252]","(-0.512, 128.082]",Mr
0,3,male,Q,0,1,1,"(16.336, 32.252]","(-0.512, 128.082]",Mr
1,3,male,C,0,1,1,"(16.336, 32.252]","(-0.512, 128.082]",Mr
1,3,female,S,0,1,1,"(16.336, 32.252]","(-0.512, 128.082]",Miss
0,1,male,S,0,1,1,"(48.168, 64.084]","(-0.512, 128.082]",Mr
1,1,female,C,1,2,0,"(32.252, 48.168]","(-0.512, 128.082]",Rare
0,1,male,C,0,1,1,"(16.336, 32.252]","(128.082, 256.165]",Mr
1,1,female,S,1,3,0,"(32.252, 48.168]","(-0.512, 128.082]",Mrs
1,3,female,S,0,2,0,"(32.252, 48.168]","(-0.512, 128.082]",Mrs
0,3,male,Q,0,1,1,"(16.336, 32.252]","(-0.512, 128.082]",Mr
0,3,male,S,0,1,1,"(32.252, 48.168]","(-0.512, 128.082]",Mr
0,2,male,S,0,1,1,"(16.336, 32.252]","(-0.512, 128.082]",Mr
0,3,male,S,0,1,1,"(16.336, 32.252]","(-0.512, 128.082]",Mr
0,3,female,S,0,1,1,"(16.336, 32.252]","(-0.512, 128.082]",Miss
0,3,male,S,0,3,0,"(16.336, 32.252]","(-0.512, 128.082]",Mr
0,3,male,S,0,1,1,"(16.336, 32.252]","(-0.512, 128.082]",Mr
0,3,female,S,0,5,0,"(16.336, 32.252]","(-0.512, 128.082]",Mrs
0,3,male,C,0,1,1,"(16.336, 32.252]","(-0.512, 128.082]",Mr
1,3,male,S,0,1,1,"(16.336, 32.252]","(-0.512, 128.082]",Mr
1,2,male,S,0,1,1,"(48.168, 64.084]","(-0.512, 128.082]",Mr
1,1,female,S,1,3,0,"(48.168, 64.084]","(-0.512, 128.082]",Mrs
1,1,male,S,1,1,1,"(32.252, 48.168]","(-0.512, 128.082]",Mr
1,3,female,Q,0,1,1,"(16.336, 32.252]","(-0.512, 128.082]",Miss
0,3,male,S,0,1,1,"(0.34, 16.336]","(-0.512, 128.082]",Mr
0,3,male,S,0,1,1,"(16.336, 32.252]","(-0.512, 128.082]",Mr
1,2,female,S,0,1,1,"(32.252, 48.168]","(-0.512, 128.082]",Miss
1,1,female,S,1,2,0,"(32.252, 48.168]","(-0.512, 128.082]",Mrs
0,3,female,C,0,2,0,"(16.336, 32.252]","(-0.512, 128.082]",Mrs
1,3,male,S,0,1,1,"(16.336, 32.252]","(-0.512, 128.082]",Mr
1,2,female,S,0,3,0,"(16.336, 32.252]","(-0.512, 128.082]",Miss
1,1,female,C,1,3,0,"(32.252, 48.168]","(-0.512, 128.082]",Mrs
0,2,male,S,0,1,1,"(48.168, 64.084]","(-0.512, 128.082]",Mr
0,1,male,C,1,1,1,"(32.252, 48.168]","(-0.512, 128.082]",Mr
0,3,male,C,0,1,1,"(16.336, 32.252]","(-0.512, 128.082]",Mr
1,1,female,S,1,3,0,"(16.336, 32.252]","(-0.512, 128.082]",Miss
0,2,male,S,0,1,1,"(32.252, 48.168]","(-0.512, 128.082]",Mr
1,1,male,C,1,3,0,"(48.168, 64.084]","(-0.512, 128.082]",Mr
0,3,male,S,0,1,1,"(16.336, 32.252]","(-0.512, 128.082]",Mr
0,3,male,S,0,1,1,"(16.336, 32.252]","(-0.512, 128.082]",Mr
0,3,male,S,0,1,1,"(32.252, 48.168]","(-0.512, 128.082]",Mr
1,1,female,C,1,2,0,"(48.168, 64.084]","(-0.512, 128.082]",Mrs
0,3,male,S,0,1,1,"(32.252, 48.168]","(-0.512, 128.082]",Mr
0,3,female,Q,0,3,0,"(16.336, 32.252]","(-0.512, 128.082]",Miss
0,2,male,S,0,2,0,"(32.252, 48.168]","(-0.512, 128.082]",Mr
0,3,male,S,0,3,0,"(32.252, 48.168]","(-0.512, 128.082]",Mr
1,2,female,S,0,1,1,"(16.336, 32.252]","(-0.512, 128.082]",Miss
0,3,male,S,0,1,1,"(48.168, 64.084]","(-0.512, 128.082]",Mr
0,3,male,C,0,1,1,"(16.336, 32.252]","(-0.512, 128.082]",Mr
1,1,male,C,1,2,0,"(48.168, 64.084]","(-0.512, 128.082]",Rare
1,2,female,S,0,4,0,"(16.336, 32.252]","(-0.512, 128.082]",Mrs
0,3,male,S,0,1,1,"(16.336, 32.252]","(-0.512, 128.082]",Mr
0,1,male,S,0,1,1,"(16.336, 32.252]","(-0.512, 128.082]",Mr
0,3,male,S,0,1,1,"(32.252, 48.168]","(-0.512, 128.082]",Mr
1,1,male,C,0,1,1,"(32.252, 48.168]","(-0.512, 128.082]",Mr
0,3,male,S,0,2,0,"(32.252, 48.168]","(-0.512, 128.082]",Mr
0,3,male,S,0,1,1,"(16.336, 32.252]","(-0.512, 128.082]",Mr
1,1,male,S,0,1,1,"(16.336, 32.252]","(-0.512, 128.082]",Mr
1,2,female,C,0,4,0,"(16.336, 32.252]","(-0.512, 128.082]",Mrs
1,1,female,S,1,1,1,"(32.252, 48.168]","(128.082, 256.165]",Miss
0,3,female,S,0,7,0,"(32.252, 48.168]","(-0.512, 128.082]",Mrs
0,3,male,S,0,1,1,"(16.336, 32.252]","(-0.512, 128.082]",Mr
1,3,female,Q,0,2,0,"(16.336, 32.252]","(-0.512, 128.082]",Miss
0,3,male,Q,0,1,1,"(16.336, 32.252]","(-0.512, 128.082]",Mr
0,3,male,S,0,1,1,"(32.252, 48.168]","(-0.512, 128.082]",Mr
1,2,female,S,0,4,0,"(16.336, 32.252]","(-0.512, 128.082]",Miss
0,3,male,S,0,3,0,"(32.252, 48.168]","(-0.512, 128.082]",Mr
0,3,female,S,0,2,0,"(16.336, 32.252]","(-0.512, 128.082]",Mrs
1,2,female,S,1,4,0,"(0.34, 16.336]","(-0.512, 128.082]",Miss
0,2,male,S,0,1,1,"(16.336, 32.252]","(-0.512, 128.082]",Mr
0,3,male,C,0,2,0,"(16.336, 32.252]","(-0.512, 128.082]",Mr
1,1,male,S,1,2,0,"(32.252, 48.168]","(-0.512, 128.082]",Mr
1,3,male,C,0,3,0,"(16.336, 32.252]","(-0.512, 128.082]",Mr
0,3,male,S,0,1,1,"(16.336, 32.252]","(-0.512, 128.082]",Mr
0,3,male,S,0,1,1,"(16.336, 32.252]","(-0.512, 128.082]",Mr
0,1,male,S,1,1,1,"(48.168, 64.084]","(-0.512, 128.082]",Mr
0,2,male,Q,0,1,1,"(48.168, 64.084]","(-0.512, 128.082]",Rare
1,1,female,S,1,1,1,"(16.336, 32.252]","(-0.512, 128.082]",Miss
0,3,male,S,0,1,1,"(16.336, 32.252]","(-0.512, 128.082]",Mr
0,3,male,Q,0,1,1,"(16.336, 32.252]","(-0.512, 128.082]",Mr
1,1,male,S,1,1,1,"(64.084, 80.0]","(-0.512, 128.082]",Mr
0,3,male,S,0,1,1,"(48.168, 64.084]","(-0.512, 128.082]",Mr
1,1,male,C,1,1,1,"(16.336, 32.252]","(-0.512, 128.082]",Rare
0,1,male,S,0,1,1,"(16.336, 32.252]","(-0.512, 128.082]",Mr
0,3,female,S,0,6,0,"(0.34, 16.336]","(-0.512, 128.082]",Miss
1,2,female,S,0,1,1,"(16.336, 32.252]","(-0.512, 128.082]",Miss
0,3,male,S,0,1,1,"(16.336, 32.252]","(-0.512, 128.082]",Mr
0,2,male,S,0,3,0,"(16.336, 32.252]","(-0.512, 128.082]",Mr
0,3,female,S,0,6,0,"(32.252, 48.168]","(-0.512, 128.082]",Mrs
0,3,male,S,0,2,0,"(16.336, 32.252]","(-0.512, 128.082]",Mr
0,3,male,S,0,1,1,"(16.336, 32.252]","(-0.512, 128.082]",Mr
1,1,female,C,1,1,1,"(16.336, 32.252]","(-0.512, 128.082]",Miss
0,3,female,S,0,6,0,"(0.34, 16.336]","(-0.512, 128.082]",Miss
1,3,male,S,0,1,1,"(16.336, 32.252]","(-0.512, 128.082]",Mr
1,3,female,C,0,4,0,"(0.34, 16.336]","(-0.512, 128.082]",Miss
1,1,male,C,1,2,0,"(32.252, 48.168]","(-0.512, 128.082]",Mr
0,3,male,S,0,1,1,"(16.336, 32.252]","(-0.512, 128.082]",Mr
1,1,male,C,1,1,1,"(48.168, 64.084]","(-0.512, 128.082]",Rare
0,3,male,S,0,1,1,"(16.336, 32.252]","(-0.512, 128.082]",Mr
1,3,female,S,0,1,1,"(16.336, 32.252]","(-0.512, 128.082]",Miss
0,3,male,S,0,1,1,"(16.336, 32.252]","(-0.512, 128.082]",Mr
1,2,female,S,0,2,0,"(16.336, 32.252]","(-0.512, 128.082]",Miss
0,3,male,S,0,1,1,"(16.336, 32.252]","(-0.512, 128.082]",Mr
1,3,female,Q,0,1,1,"(16.336, 32.252]","(-0.512, 128.082]",Miss
0,3,female,Q,0,1,1,"(16.336, 32.252]","(-0.512, 128.082]",Miss
0,2,male,S,0,3,0,"(16.336, 32.252]","(-0.512, 128.082]",Mr
0,3,male,S,0,1,1,"(16.336, 32.252]","(-0.512, 128.082]",Mr
0,3,female,Q,0,3,0,"(16.336, 32.252]","(-0.512, 128.082]",Mrs
0,2,male,S,0,1,1,"(16.336, 32.252]","(-0.512, 128.082]",Mr
0,1,male,C,1,3,0,"(48.168, 64.084]","(-0.512, 128.082]",Mr
1,1,male,S,0,3,0,"(48.168, 64.084]","(128.082, 256.165]",Rare
0,3,male,C,0,1,1,"(32.252, 48.168]","(-0.512, 128.082]",Mr
0,1,male,S,1,1,1,"(32.252, 48.168]","(-0.512, 128.082]",Mr
0,3,male,S,0,1,1,"(32.252, 48.168]","(-0.512, 128.082]",Mr
1,3,male,S,0,2,0,"(16.336, 32.252]","(-0.512, 128.082]",Mr
0,2,male,S,0,3,0,"(16.336, 32.252]","(-0.512, 128.082]",Mr
0,2,male,S,0,1,1,"(16.336, 32.252]","(-0.512, 128.082]",Mr
0,3,male,S,0,1,1,"(16.336, 32.252]","(-0.512, 128.082]",Mr
0,3,male,S,0,1,1,"(32.252, 48.168]","(-0.512, 128.082]",Mr
1,1,female,S,1,2,0,"(16.336, 32.252]","(-0.512, 128.082]",Mrs
1,2,female,S,0,3,0,"(32.252, 48.168]","(-0.512, 128.082]",Mrs
0,1,male,S,1,2,0,"(16.336, 32.252]","(-0.512, 128.082]",Mr
0,2,male,S,0,1,1,"(64.084, 80.0]","(-0.512, 128.082]",Mr
1,2,male,S,0,1,1,"(16.336, 32.252]","(-0.512, 128.082]",Mr
0,2,male,S,0,1,1,"(16.336, 32.252]","(-0.512, 128.082]",Mr
0,3,male,S,0,1,1,"(16.336, 32.252]","(-0.512, 128.082]",Mr
0,3,male,S,0,1,1,"(16.336, 32.252]","(-0.512, 128.082]",Mr
1,3,female,S,0,1,1,"(16.336, 32.252]","(-0.512, 128.082]",Miss
0,3,female,S,0,8,0,"(32.252, 48.168]","(-0.512, 128.082]",Mrs
1,1,male,C,1,2,0,"(32.252, 48.168]","(384.247, 512.329]",Mr
0,3,female,Q,0,1,1,"(16.336, 32.252]","(-0.512, 128.082]",Miss
1,1,male,C,1,1,1,"(16.336, 32.252]","(-0.512, 128.082]",Mr
0,3,male,S,0,1,1,"(16.336, 32.252]","(-0.512, 128.082]",Mr
0,3,male,S,0,8,0,"(0.34, 16.336]","(-0.512, 128.082]",Mr
0,2,male,S,0,3,0,"(48.168, 64.084]","(-0.512, 128.082]",Mr
0,2,male,C,0,4,0,"(16.336, 32.252]","(-0.512, 128.082]",Mr
0,3,male,S,0,6,0,"(0.34, 16.336]","(-0.512, 128.082]",Mr
0,3,male,S,0,1,1,"(16.336, 32.252]","(-0.512, 128.082]",Mr
0,3,male,S,0,1,1,"(16.336, 32.252]","(-0.512, 128.082]",Mr
1,1,female,S,1,2,0,"(0.34, 16.336]","(128.082, 256.165]",Miss
1,1,male,S,1,2,0,"(16.336, 32.252]","(-0.512, 128.082]",Mr
1,3,female,C,0,2,0,"(0.34, 16.336]","(-0.512, 128.082]",Miss
1,3,male,S,0,1,1,"(16.336, 32.252]","(-0.512, 128.082]",Mr
0,3,male,C,0,1,1,"(16.336, 32.252]","(-0.512, 128.082]",Mr
0,1,male,S,0,1,1,"(48.168, 64.084]","(-0.512, 128.082]",Rare
0,2,male,S,0,1,1,"(48.168, 64.084]","(-0.512, 128.082]",Mr
0,3,male,S,0,1,1,"(32.252, 48.168]","(-0.512, 128.082]",Mr
1,3,female,Q,0,1,1,"(16.336, 32.252]","(-0.512, 128.082]",Miss
0,1,male,C,1,3,0,"(48.168, 64.084]","(-0.512, 128.082]",Mr
0,3,male,S,1,1,1,"(32.252, 48.168]","(-0.512, 128.082]",Mr
1,1,female,C,1,2,0,"(16.336, 32.252]","(128.082, 256.165]",Mrs
1,1,male,S,1,1,1,"(32.252, 48.168]","(-0.512, 128.082]",Mr
0,3,female,C,0,2,0,"(16.336, 32.252]","(-0.512, 128.082]",Miss
0,3,male,Q,0,1,1,"(16.336, 32.252]","(-0.512, 128.082]",Mr
0,3,male,S,0,2,0,"(16.336, 32.252]","(-0.512, 128.082]",Mr
0,2,male,S,0,1,1,"(32.252, 48.168]","(-0.512, 128.082]",Mr
1,2,female,S,0,1,1,"(32.252, 48.168]","(-0.512, 128.082]",Mrs
1,1,male,S,1,1,1,"(32.252, 48.168]","(-0.512, 128.082]",Mr
1,1,female,S,0,1,1,"(16.336, 32.252]","(128.082, 256.165]",Miss
1,3,male,C,0,3,0,"(16.336, 32.252]","(-0.512, 128.082]",Master
1,1,female,C,1,1,1,"(16.336, 32.252]","(-0.512, 128.082]",Miss
0,1,male,S,1,1,1,"(16.336, 32.252]","(-0.512, 128.082]",Mr
1,1,male,S,1,2,0,"(32.252, 48.168]","(-0.512, 128.082]",Mr
0,3,male,S,0,1,1,"(16.336, 32.252]","(-0.512, 128.082]",Mr
0,2,male,S,0,1,1,"(48.168, 64.084]","(-0.512, 128.082]",Mr
0,3,male,S,1,1,1,"(16.336, 32.252]","(-0.512, 128.082]",Mr
1,1,female,C,1,1,1,"(32.252, 48.168]","(128.082, 256.165]",Miss
1,2,female,S,1,1,1,"(16.336, 32.252]","(-0.512, 128.082]",Miss
0,3,male,Q,0,1,1,"(16.336, 32.252]","(-0.512, 128.082]",Mr
0,3,male,S,0,1,1,"(32.252, 48.168]","(-0.512, 128.082]",Mr
1,2,female,S,0,2,0,"(0.34, 16.336]","(-0.512, 128.082]",Miss
0,3,male,S,0,2,0,"(16.336, 32.252]","(-0.512, 128.082]",Mr
0,2,male,S,0,1,1,"(32.252, 48.168]","(-0.512, 128.082]",Mr
0,2,male,S,0,1,1,"(48.168, 64.084]","(-0.512, 128.082]",Mr
1,1,male,S,1,2,0,"(16.336, 32.252]","(-0.512, 128.082]",Mr
0,3,male,S,0,1,1,"(16.336, 32.252]","(-0.512, 128.082]",Mr
1,2,female,S,0,4,0,"(16.336, 32.252]","(-0.512, 128.082]",Mrs
1,3,female,Q,0,1,1,"(16.336, 32.252]","(-0.512, 128.082]",Miss
0,2,male,S,0,2,0,"(16.336, 32.252]","(-0.512, 128.082]",Mr
0,3,female,S,0,2,0,"(16.336, 32.252]","(-0.512, 128.082]",Miss
1,1,female,S,1,1,1,"(16.336, 32.252]","(128.082, 256.165]",Miss
0,3,male,C,0,1,1,"(0.34, 16.336]","(-0.512, 128.082]",Mr
0,2,male,S,0,1,1,"(16.336, 32.252]","(-0.512, 128.082]",Mr
0,2,male,S,0,1,1,"(16.336, 32.252]","(-0.512, 128.082]",Mr
0,2,male,S,0,1,1,"(16.336, 32.252]","(-0.512, 128.082]",Mr
0,3,male,S,0,1,1,"(16.336, 32.252]","(-0.512, 128.082]",Mr
0,3,female,S,0,5,0,"(32.252, 48.168]","(-0.512, 128.082]",Mrs
1,1,male,C,1,1,1,"(32.252, 48.168]","(384.247, 512.329]",Mr
0,3,male,S,0,1,1,"(16.336, 32.252]","(-0.512, 128.082]",Mr
0,3,male,S,0,1,1,"(16.336, 32.252]","(-0.512, 128.082]",Mr
1,1,male,S,1,1,1,"(16.336, 32.252]","(-0.512, 128.082]",Mr
0,1,male,S,1,2,0,"(32.252, 48.168]","(-0.512, 128.082]",Mr
1,1,female,C,1,5,0,"(16.336, 32.252]","(256.165, 384.247]",Miss
0,3,male,S,0,2,0,"(16.336, 32.252]","(-0.512, 128.082]",Mr
1,3,male,S,0,1,1,"(16.336, 32.252]","(-0.512, 128.082]",Mr
0,1,male,S,1,3,0,"(64.084, 80.0]","(-0.512, 128.082]",Rare
0,3,male,S,0,3,0,"(0.34, 16.336]","(-0.512, 128.082]",Mr
1,2,female,S,0,1,1,"(16.336, 32.252]","(-0.512, 128.082]",Miss
0,1,male,S,1,2,0,"(16.336, 32.252]","(-0.512, 128.082]",Mr
0,3,male,Q,0,1,1,"(16.336, 32.252]","(-0.512, 128.082]",Mr
1,2,female,S,0,3,0,"(0.34, 16.336]","(-0.512, 128.082]",Miss
1,3,male,S,1,2,0,"(0.34, 16.336]","(-0.512, 128.082]",Master
0,3,male,S,0,1,1,"(32.252, 48.168]","(-0.512, 128.082]",Mr
0,3,male,S,0,1,1,"(16.336, 32.252]","(-0.512, 128.082]",Mr
1,2,female,S,0,4,0,"(32.252, 48.168]","(-0.512, 128.082]",Mrs
1,2,male,S,0,3,0,"(0.34, 16.336]","(-0.512, 128.082]",Master
0,3,male,S,0,1,1,"(16.336, 32.252]","(-0.512, 128.082]",Mr
0,2,male,S,0,1,1,"(16.336, 32.252]","(-0.512, 128.082]",Mr
0,3,male,S,0,1,1,"(32.252, 48.168]","(-0.512, 128.082]",Mr
1,1,female,S,1,1,1,"(32.252, 48.168]","(-0.512, 128.082]",Rare
0,3,male,S,0,1,1,"(16.336, 32.252]","(-0.512, 128.082]",Mr
0,3,male,S,0,1,1,"(32.252, 48.168]","(-0.512, 128.082]",Mr
1,3,male,C,0,1,1,"(16.336, 32.252]","(-0.512, 128.082]",Mr
1,1,female,S,1,4,0,"(32.252, 48.168]","(-0.512, 128.082]",Mrs
0,3,male,S,0,1,1,"(0.34, 16.336]","(-0.512, 128.082]",Mr
1,1,female,S,1,2,0,"(48.168, 64.084]","(-0.512, 128.082]",Mrs
0,1,male,C,0,1,1,"(16.336, 32.252]","(-0.512, 128.082]",Rare
0,3,female,Q,0,1,1,"(16.336, 32.252]","(-0.512, 128.082]",Miss
0,3,male,Q,0,2,0,"(16.336, 32.252]","(-0.512, 128.082]",Mr
0,3,male,S,0,1,1,"(16.336, 32.252]","(-0.512, 128.082]",Mr
0,3,male,S,0,1,1,"(16.336, 32.252]","(-0.512, 128.082]",Mr
0,3,male,S,0,1,1,"(32.252, 48.168]","(-0.512, 128.082]",Mr
0,2,female,S,1,1,1,"(48.168, 64.084]","(-0.512, 128.082]",Mrs
0,3,male,C,0,1,1,"(16.336, 32.252]","(-0.512, 128.082]",Mr
1,2,female,S,0,5,0,"(48.168, 64.084]","(-0.512, 128.082]",Mrs
0,3,male,S,0,1,1,"(16.336, 32.252]","(-0.512, 128.082]",Mr
0,3,male,Q,1,1,1,"(16.336, 32.252]","(-0.512, 128.082]",Mr
1,3,female,S,0,1,1,"(0.34, 16.336]","(-0.512, 128.082]",Miss
0,3,male,Q,0,1,1,"(16.336, 32.252]","(-0.512, 128.082]",Mr
1,1,female,S,1,2,0,"(32.252, 48.168]","(128.082, 256.165]",Mrs
1,3,female,C,0,1,1,"(0.34, 16.336]","(-0.512, 128.082]",Miss
1,1,female,S,1,2,0,"(16.336, 32.252]","(-0.512, 128.082]",Mrs
0,1,male,S,1,1,1,"(16.336, 32.252]","(-0.512, 128.082]",Mr
0,3,male,S,0,4,0,"(16.336, 32.252]","(-0.512, 128.082]",Mr
0,3,male,S,0,1,1,"(16.336, 32.252]","(-0.512, 128.082]",Mr
0,3,male,S,0,1,1,"(16.336, 32.252]","(-0.512, 128.082]",Mr
1,3,female,S,0,1,1,"(16.336, 32.252]","(-0.512, 128.082]",Miss
0,3,male,Q,0,6,0,"(0.34, 16.336]","(-0.512, 128.082]",Master
1,3,male,S,0,4,0,"(0.34, 16.336]","(-0.512, 128.082]",Master
0,1,male,C,1,1,1,"(32.252, 48.168]","(-0.512, 128.082]",Mr
0,3,male,Q,0,1,1,"(16.336, 32.252]","(-0.512, 128.082]",Mr
0,2,male,S,0,1,1,"(0.34, 16.336]","(-0.512, 128.082]",Mr
0,3,female,S,0,11,0,"(16.336, 32.252]","(-0.512, 128.082]",Miss
0,1,male,C,0,1,1,"(16.336, 32.252]","(-0.512, 128.082]",Mr
0,3,male,S,0,1,1,"(16.336, 32.252]","(-0.512, 128.082]",Mr
0,2,male,S,0,1,1,"(32.252, 48.168]","(-0.512, 128.082]",Mr
1,1,female,S,1,1,1,"(48.168, 64.084]","(-0.512, 128.082]",Rare
1,3,female,S,0,1,1,"(16.336, 32.252]","(-0.512, 128.082]",Mrs
0,3,male,C,0,1,1,"(16.336, 32.252]","(-0.512, 128.082]",Mr
0,3,female,S,0,3,0,"(16.336, 32.252]","(-0.512, 128.082]",Mrs
0,2,male,S,0,1,1,"(32.252, 48.168]","(-0.512, 128.082]",Mr
1,2,female,S,0,3,0,"(16.336, 32.252]","(-0.512, 128.082]",Mrs
1,1,male,S,1,4,0,"(0.34, 16.336]","(-0.512, 128.082]",Master
1,3,male,C,0,2,0,"(0.34, 16.336]","(-0.512, 128.082]",Master
1,3,male,S,0,1,1,"(16.336, 32.252]","(-0.512, 128.082]",Mr
0,3,male,S,0,1,1,"(16.336, 32.252]","(-0.512, 128.082]",Mr
0,1,male,S,1,1,1,"(32.252, 48.168]","(-0.512, 128.082]",Mr
0,3,female,S,0,1,1,"(16.336, 32.252]","(-0.512, 128.082]",Miss
0,2,male,S,0,1,1,"(32.252, 48.168]","(-0.512, 128.082]",Mr
1,1,female,S,1,2,0,"(32.252, 48.168]","(-0.512, 128.082]",Mrs
0,3,male,S,0,1,1,"(16.336, 32.252]","(-0.512, 128.082]",Mr
0,3,male,S,0,1,1,"(32.252, 48.168]","(-0.512, 128.082]",Mr
0,2,male,S,0,1,1,"(32.252, 48.168]","(-0.512, 128.082]",Mr
0,3,female,S,0,7,0,"(0.34, 16.336]","(-0.512, 128.082]",Miss
0,3,male,S,0,1,1,"(16.336, 32.252]","(-0.512, 128.082]",Mr
0,1,male,S,1,1,1,"(16.336, 32.252]","(-0.512, 128.082]",Mr
0,3,female,S,0,1,1,"(16.336, 32.252]","(-0.512, 128.082]",Miss
0,2,male,C,0,3,0,"(16.336, 32.252]","(-0.512, 128.082]",Mr
0,3,male,S,0,1,1,"(32.252, 48.168]","(-0.512, 128.082]",Mr
0,3,male,S,0,6,0,"(0.34, 16.336]","(-0.512, 128.082]",Master
1,1,female,S,1,3,0,"(48.168, 64.084]","(-0.512, 128.082]",Mrs
1,3,male,S,0,1,1,"(16.336, 32.252]","(-0.512, 128.082]",Mr
0,1,male,S,0,1,1,"(32.252, 48.168]","(-0.512, 128.082]",Rare
1,3,female,S,1,2,0,"(16.336, 32.252]","(-0.512, 128.082]",Mrs
0,3,male,S,0,6,0,"(0.34, 16.336]","(-0.512, 128.082]",Master
0,3,male,Q,0,1,1,"(16.336, 32.252]","(-0.512, 128.082]",Mr
0,3,male,S,0,1,1,"(16.336, 32.252]","(-0.512, 128.082]",Mr
1,2,male,C,0,3,0,"(0.34, 16.336]","(-0.512, 128.082]",Master
1,3,male,Q,0,1,1,"(16.336, 32.252]","(-0.512, 128.082]",Mr
1,1,female,S,1,1,1,"(48.168, 64.084]","(-0.512, 128.082]",Mrs
1,3,female,C,0,2,0,"(0.34, 16.336]","(-0.512, 128.082]",Mrs
1,2,male,S,0,3,0,"(0.34, 16.336]","(-0.512, 128.082]",Master
0,3,male,C,0,1,1,"(16.336, 32.252]","(-0.512, 128.082]",Mr
0,3,male,S,0,1,1,"(16.336, 32.252]","(-0.512, 128.082]",Mr
0,3,male,S,0,1,1,"(16.336, 32.252]","(-0.512, 128.082]",Mr
1,1,female,C,1,3,0,"(32.252, 48.168]","(-0.512, 128.082]",Miss
0,3,male,S,0,1,1,"(16.336, 32.252]","(-0.512, 128.082]",Mr
0,3,male,S,0,1,1,"(16.336, 32.252]","(-0.512, 128.082]",Mr
1,3,male,S,0,1,1,"(16.336, 32.252]","(-0.512, 128.082]",Mr
1,1,male,C,1,1,1,"(16.336, 32.252]","(-0.512, 128.082]",Mr
0,3,male,S,0,1,1,"(16.336, 32.252]","(-0.512, 128.082]",Mr
0,2,male,S,0,1,1,"(0.34, 16.336]","(-0.512, 128.082]",Mr
1,1,female,C,0,1,1,"(16.336, 32.252]","(-0.512, 128.082]",Miss
0,3,male,C,0,1,1,"(32.252, 48.168]","(-0.512, 128.082]",Mr
0,3,male,S,0,1,1,"(16.336, 32.252]","(-0.512, 128.082]",Mr
0,3,male,S,0,1,1,"(32.252, 48.168]","(-0.512, 128.082]",Mr
0,3,male,S,0,11,0,"(16.336, 32.252]","(-0.512, 128.082]",Mr
0,3,male,C,0,1,1,"(32.252, 48.168]","(-0.512, 128.082]",Mr
0,2,male,S,0,2,0,"(16.336, 32.252]","(-0.512, 128.082]",Rare
1,1,female,C,1,2,0,"(16.336, 32.252]","(-0.512, 128.082]",Mrs
0,3,male,S,0,7,0,"(0.34, 16.336]","(-0.512, 128.082]",Master
0,3,male,S,0,1,1,"(64.084, 80.0]","(-0.512, 128.082]",Mr
0,3,female,C,0,3,0,"(0.34, 16.336]","(-0.512, 128.082]",Miss
1,1,female,S,1,2,0,"(0.34, 16.336]","(-0.512, 128.082]",Miss
0,2,female,S,0,2,0,"(32.252, 48.168]","(-0.512, 128.082]",Mrs
1,3,female,S,0,2,0,"(16.336, 32.252]","(-0.512, 128.082]",Mrs
1,1,female,S,0,3,0,"(32.252, 48.168]","(128.082, 256.165]",Mrs
1,1,male,S,1,1,1,"(48.168, 64.084]","(-0.512, 128.082]",Mr
1,3,female,C,0,4,0,"(16.336, 32.252]","(-0.512, 128.082]",Mrs
0,3,male,C,0,1,1,"(16.336, 32.252]","(-0.512, 128.082]",Mr
0,3,male,S,0,3,0,"(32.252, 48.168]","(-0.512, 128.082]",Mr
0,2,male,S,0,2,0,"(16.336, 32.252]","(-0.512, 128.082]",Mr
1,1,female,S,1,1,1,"(32.252, 48.168]","(-0.512, 128.082]",Mrs
0,3,female,S,0,11,0,"(16.336, 32.252]","(-0.512, 128.082]",Miss
0,2,male,S,0,1,1,"(16.336, 32.252]","(-0.512, 128.082]",Mr
1,2,female,S,0,1,1,"(32.252, 48.168]","(-0.512, 128.082]",Mrs
1,2,female,C,0,2,0,"(16.336, 32.252]","(-0.512, 128.082]",Miss
0,1,male,S,1,1,1,"(16.336, 32.252]","(-0.512, 128.082]",Mr
0,3,male,S,0,1,1,"(16.336, 32.252]","(-0.512, 128.082]",Mr
1,3,male,S,0,3,0,"(0.34, 16.336]","(-0.512, 128.082]",Master
0,3,male,S,0,1,1,"(16.336, 32.252]","(-0.512, 128.082]",Mr
1,1,female,S,1,3,0,"(32.252, 48.168]","(-0.512, 128.082]",Mrs
0,1,male,S,1,1,1,"(32.252, 48.168]","(-0.512, 128.082]",Mr
0,3,male,S,0,1,1,"(32.252, 48.168]","(-0.512, 128.082]",Mr
1,2,female,C,0,2,0,"(16.336, 32.252]","(-0.512, 128.082]",Mrs
1,3,female,C,0,1,1,"(0.34, 16.336]","(-0.512, 128.082]",Miss
0,3,male,S,0,1,1,"(16.336, 32.252]","(-0.512, 128.082]",Mr
0,3,male,S,0,1,1,"(16.336, 32.252]","(-0.512, 128.082]",Mr
0,3,male,S,0,1,1,"(16.336, 32.252]","(-0.512, 128.082]",Mr
1,1,female,C,1,2,0,"(48.168, 64.084]","(-0.512, 128.082]",Mrs
1,2,female,S,0,2,0,"(16.336, 32.252]","(-0.512, 128.082]",Mrs
0,3,male,S,0,1,1,"(32.252, 48.168]","(-0.512, 128.082]",Mr
0,3,female,S,0,1,1,"(16.336, 32.252]","(-0.512, 128.082]",Miss
0,2,male,S,0,1,1,"(16.336, 32.252]","(-0.512, 128.082]",Mr
0,3,male,S,0,1,1,"(16.336, 32.252]","(-0.512, 128.082]",Mr
0,3,female,Q,0,6,0,"(32.252, 48.168]","(-0.512, 128.082]",Mrs
0,2,male,S,0,1,1,"(16.336, 32.252]","(-0.512, 128.082]",Rare
1,1,female,S,1,1,1,"(16.336, 32.252]","(-0.512, 128.082]",Miss
0,3,female,S,0,4,0,"(16.336, 32.252]","(-0.512, 128.082]",Miss
1,1,male,C,1,1,1,"(16.336, 32.252]","(-0.512, 128.082]",Mr
0,3,male,Q,0,1,1,"(16.336, 32.252]","(-0.512, 128.082]",Mr
